<?xml version="1.0"?>
<!--
/**
 * Password Protected
 *
 * @category    Addify
 * @package     Addify_PasswordProtected
 * @author      Addify
 * @Email       addifypro@gmail.com
 *
 */
-->
<config xmlns:xsi="http://www.w3.org/2001/XMLSchema-instance" xsi:noNamespaceSchemaLocation="urn:magento:framework:ObjectManager/etc/config.xsd">
<type name="Magento\Framework\App\RouterList">
        <arguments>
            <argument name="routerList" xsi:type="array">
                <item name="addifypasswordprotected" xsi:type="array">
                    <item name="class" xsi:type="string">Addify\PasswordProtected\Controller\Router</item>
                    <item name="disable" xsi:type="boolean">false</item>
                    <item name="sortOrder" xsi:type="string">70</item>
                </item>
            </argument>
        </arguments>
    </type>
    <type name="Addify\PasswordProtected\Block\PasswordProtected">
        <arguments>
            <argument name="templateProcessor" xsi:type="object">Magento\Widget\Model\Template\Filter</argument>
        </arguments>
    </type>

</config>